{
  "parent": "minecraft:item/handheld",
  "textures": {
    "layer0": "minecraft:item/iron_horse_armor"
  },
  "overrides": [
    {
      "predicate": {
        "custom_model_data": 600001
      },
      "model": "item/gui/space"
    },
    {
      "predicate": {
        "custom_model_data": 600002
      },
      "model": "item/gui/back"
    },
    {
      "predicate": {
        "custom_model_data": 600003
      },
      "model": "item/gui/blueprint"
    },
    {
      "predicate": {
        "custom_model_data": 600004
      },
      "model": "item/gui/juniorfight"
    },
    {
      "predicate": {
        "custom_model_data": 600005
      },
      "model": "item/gui/machines"
    }
  ]
}